Grism calibration for hrg based on observations of eta Leo, zet Leo, and gam Her. Disregard box. Wavelength soln by Josh, Gain soln by Cain.
576,1658,3500,50
1.4358903856566
0.0000241873267,0.369489776,5798.25619
-0.0000000071874,0.0002797676310,-4.5015078000000,38316.3171000000000,-181941932.0000000000000,456908713000.0000000000000,-474029756000000.0000000000000,-96923100200000.0000000000000